apple-id-public-key	200	https://github.com/UniPassID/UniPass-OpenID-Auth.git
asset-migrator	200	https://github.com/utxostack/utxo-allocator.git
denver-airdrop-rs	NONE	-
dexauto-data-center	NONE	-
dkim-and-open-id-monitor	200	https://github.com/UniPassID/UniPass-OpenID-Auth.git
huehub-rgbpp-indexer	200	https://github.com/utxostack/rgbpp.git
paymaster-service	200	https://github.com/UniPassID/account-abstraction.git
stackup-bundler	200	https://github.com/UniPassID/stackup-bundler.git
trading-tracker	NONE	-
unipass-snap-service	200	https://github.com/UniPassID/UniPass-Snap.git
unipass-wallet-tss	200	https://github.com/UniPassID/UniPass-Tss-Lib.git
unipass-wallet-zk-server	200	https://github.com/UniPassID/UniPass-email-circuits.git
auto-dex-site	NONE	-
blinks-miniapp	NONE	-
bomb-fun-site	NONE	-
hongkong-wanxiang-festival	NONE	-
huehub-dex-site	NONE	-
payment-specifications	200	https://github.com/UniPassID/UniPass-Wallet-Docs.git
payment-swagger	200	https://github.com/UniPassID/UniPass-Wallet-Docs.git
solagram-wallet	NONE	-
solagram-web-site	NONE	-
solana-wallet-mini-app-demo	200	https://github.com/UniPassID/smart-account-vite-demo.git
unipass-app-h5	200	https://github.com/UniPassID/unipass-frontend-test.git
unipass-auth0-verify-code	NONE	-
unipass-cms-frontend	NONE	-
unipass-payment-web	NONE	-
unipass-snap-frontend	200	https://github.com/UniPassID/UniPass-Snap.git
unipass-snap-react	200	https://github.com/UniPassID/UniPass-Wallet-Snap.git
unipass-wallet-frontend	NONE	-
unipass-wallet-js	200	https://github.com/UniPassID/UniPass-Wallet-JS.git
unipass-wallet-official-website	NONE	-
utxo-swap-site	200	https://github.com/utxostack/utxo-stack-sdk.git
